{
  "mae": 2.8470640182495117,
  "rmse": 4.938095829419699
}